{
  "minecraft:recipes/misc/paper": {
    "criteria": {
      "has_reeds": "2024-07-16 17:30:32 +0000"
    },
    "done": true
  },
  "minecraft:adventure/adventuring_time": {
    "criteria": {
      "minecraft:beach": "2024-07-16 17:30:29 +0000",
      "minecraft:plains": "2024-07-16 17:30:22 +0000"
    },
    "done": false
  },
  "minecraft:recipes/misc/sugar_from_sugar_cane": {
    "criteria": {
      "has_sugar_cane": "2024-07-16 17:30:32 +0000"
    },
    "done": true
  },
  "DataVersion": 3120
}